id,birthday,gender
302,1989/10/8,male
22966,1986/11/15,female
46245,1988/12/20,female
202278,1978/6/12,female
404854,1987/2/13,female
420003,1995/12/29,female
421597,1991/8/2,female
423908,1980/6/23,female
452733,1990/2/24,female
453821,1958/6/17,female
454139,1980/11/4,female
455096,1976/6/9,female
455691,1967/2/22,male
456298,1982/7/12,female
456508,1974/1/29,female
457766,1985/4/25,female
462742,1989/5/2,female
463397,1960/1/31,female
463917,1988/3/3,female
464068,2001/1/1,female
464576,1960/3/30,female
467915,1981/7/8,female
468600,1982/10/16,female
468638,1980/10/19,female
468649,1994/7/12,female
470239,1995/12/10,female
470891,1985/1/3,female
470910,1985/9/19,female
471061,1986/5/7,female
471181,1977/8/5,male
471188,1975/1/1,female
471313,1978/11/4,female
471363,1976/11/28,male
471452,1947/2/16,female
471591,1962/11/12,female
471625,1967/12/5,female
472258,1955/8/29,female
472361,1988/5/6,female
472362,1985/6/21,male
472370,1945/7/28,male
473721,1993/2/10,female
473768,1987/8/5,female
473891,1989/7/13,female
473928,1979/8/10,male
473975,1992/5/30,female
474013,1990/12/17,female
474031,1992/4/19,female
474034,1990/3/27,female
474045,1995/4/18,female
474059,1987/11/9,female
474293,1985/6/14,female
474536,1991/7/9,female
476562,1982/8/3,female
477107,1985/4/21,female
477516,2000/11/28,female
478029,1962/7/3,female
478035,1978/5/10,female
478725,1993/5/5,female
478953,1989/4/25,female
479886,1978/4/12,female
479961,1996/5/29,female
480143,1990/6/13,female
480180,1991/7/23,female
480228,1993/10/24,female
480230,1989/6/21,female
480288,1965/11/25,female
480411,1995/3/8,female
480415,1991/10/19,female
480416,1993/7/22,female
480417,1979/10/27,female
480421,1984/5/10,female
480422,1959/11/28,female
480427,1987/12/26,female
480433,1986/2/24,female
480435,1994/10/6,female
480436,1977/2/28,male
480439,1990/1/29,female
480440,1988/5/1,female
480444,1994/4/24,female
480449,1977/10/3,female
480461,1994/6/9,female
480483,1993/8/14,female
480484,1986/6/9,female
480492,1992/1/29,female
480496,1984/12/18,female
480497,1974/11/2,female
480498,1993/1/12,female
480504,1993/1/26,female
480513,1976/2/4,male
480522,1981/9/15,female
480526,1992/8/23,female
480536,1993/5/20,male
480545,1992/8/1,female
480569,1970/6/17,female
480570,1982/8/6,female
480576,1987/2/17,female
480588,1982/7/4,female
480596,1995/12/7,female
480611,1986/8/24,female
480621,1975/1/1,female
480623,1991/5/11,female
480628,1980/12/15,female
480632,1992/12/14,female
480644,1984/10/6,female
480751,1992/2/25,female
480773,1960/9/18,female
480825,1989/2/17,female
481246,1991/4/19,female
481299,1995/2/15,female
482066,1994/8/13,female
482304,1994/9/2,male
484792,1969/5/24,female
486166,1981/9/7,female
486958,1986/10/2,female
488139,1994/6/11,male
488151,1991/8/7,female
491356,1967/8/18,female
491361,1988/11/10,female
491385,1958/10/14,female
491388,1997/7/24,female
491401,1984/10/8,female
491404,1978/11/12,female
491410,1971/1/22,female
491424,1991/9/18,female
491437,1987/4/9,female
491439,1974/12/1,female
491442,1983/7/15,female
491443,2004/1/26,female
491447,1982/2/7,female
491458,1980/10/22,female
491461,1986/11/27,female
491473,1984/9/24,female
491474,1984/5/3,male
491485,1964/12/25,female
491497,1983/8/23,female
491500,1999/1/5,female
491526,1981/4/7,female
491543,1965/8/13,male
491651,1966/5/7,female
491830,1992/8/17,female
491920,1991/3/22,female
492219,1976/6/26,female
492635,1990/8/19,female
493072,1982/11/12,male
493104,1994/1/7,male
493882,1981/10/12,male
494046,1977/2/5,female
498535,1979/10/14,female
500255,1987/3/14,female
500644,1988/6/30,female
501789,1972/7/28,male
502214,1973/5/3,female
502220,1982/11/14,female
502231,1960/8/30,male
502232,1983/5/5,male
502237,1987/1/9,female
502241,1957/11/27,female
502260,1991/3/6,female
502271,1996/2/10,female
502316,1991/4/28,female
502329,1971/7/29,female
502342,1988/7/15,female
503110,1981/9/14,female
503564,1980/9/4,male
503648,1977/8/31,male
503733,1982/4/7,female
503969,1983/12/5,male
503974,1969/7/29,female
503982,1984/10/23,female
503985,1988/11/16,male
504116,1996/4/6,female
504481,1990/7/26,female
504512,2000/10/15,female
504633,1971/11/27,female
504850,1988/12/17,female
505513,2000/2/16,male
505539,1988/5/11,female
505985,1989/8/17,male
506229,1993/11/3,female
510500,1991/1/2,female
510976,2000/8/5,female
511056,1996/1/19,female
511060,1977/8/13,female
511082,1974/3/31,male
511088,1986/11/10,female
511090,1965/1/20,male
511091,1980/3/4,female
511098,1987/1/31,female
511101,1986/4/29,female
511106,1975/2/23,female
511109,1986/12/15,male
511118,1992/10/25,female
511125,1984/6/18,female
511157,1974/2/18,male
511190,1979/5/3,male
511203,1978/1/22,female
511296,1998/8/25,female
511450,2001/2/23,female
511900,1953/10/26,female
511924,1951/2/16,female
511948,1983/4/13,female
512086,1987/3/29,female
512301,1975/10/18,female
512554,1974/12/10,female
514739,1993/8/10,female
515404,1983/7/8,female
516269,1999/8/10,male
516924,1975/4/16,male
517681,1978/5/29,female
517737,1977/4/27,female
518645,1985/9/24,male
518662,1986/11/27,male
519410,1978/5/26,female
520035,1955/8/14,female
521290,1984/4/23,female
521560,1993/11/28,female
521562,1992/11/4,female
521563,1966/10/24,female
521578,1992/4/1,female
521592,1990/11/7,female
521593,1951/8/22,female
521601,1978/2/6,female
521604,1960/10/14,male
521607,1992/8/10,female
521621,1969/3/5,male
521624,1995/12/11,female
521631,1985/8/29,female
521635,1990/2/26,female
521684,1999/1/23,female
521685,1983/10/3,female
521784,1966/2/9,female
521944,1984/4/12,female
522350,1972/10/16,male
522729,1990/4/28,female
522814,1987/2/4,female
522818,1968/8/31,female
523222,1973/3/30,female
524297,1980/9/12,female
524552,2000/12/30,female
525094,1974/11/12,male
525312,1957/3/12,male
526139,1967/4/20,female
526791,1985/10/9,female
527345,1982/6/28,male
527432,1982/2/1,male
527696,1987/2/2,female
528055,1980/8/21,female
528282,1988/11/4,female
529934,1966/9/12,female
530574,1991/4/1,female
530977,1984/8/12,female
533608,1988/11/14,female
533615,1992/4/11,female
533616,1993/3/11,female
533629,1977/2/17,female
533646,1994/6/26,female
533683,1964/11/12,female
533717,1986/9/1,female
533772,1981/1/21,female
534318,1989/2/18,female
535728,1976/4/7,female
536229,1978/8/29,female
536268,1982/9/7,male
536733,0059-03-05,male
536771,1981/3/9,male
537785,1999/12/12,female
537881,1954/2/20,female
539116,1952/4/18,female
539493,1993/5/7,female
539528,1982/1/21,female
540269,1983/10/24,female
540351,1971/2/16,female
540975,1953/12/28,female
540982,1958/1/15,female
541111,0044-08-20,female
541287,1962/10/31,female
542158,1959/11/29,female
542275,1986/4/26,female
542743,1990/11/9,female
542756,1950/5/1,female
543121,1975/1/17,male
543123,1989/2/17,female
543141,1969/5/22,female
543148,1987/9/28,male
543150,1966/12/14,female
543151,1976/11/13,female
543152,1983/6/26,female
543259,1975/12/2,male
543304,1994/4/3,female
543305,1986/1/10,male
543325,1963/10/18,male
543331,1983/7/10,male
543340,1969/1/6,male
543343,1990/3/25,female
543347,1969/12/6,female
543357,1991/9/14,female
543375,1968/11/25,male
543386,1974/1/2,female
543405,1987/12/12,female
543483,1975/7/22,female
543563,1970/1/1,male
543666,1997/7/6,female
543755,1984/10/21,male
543781,1998/11/18,female
543908,1966/3/24,male
543929,1991/2/19,male
543936,1983/9/8,female
544604,1935/9/12,female
545060,1973/2/27,female
545073,1941/4/22,male
545189,1990/7/17,female
545482,1966/1/20,female
545609,1966/12/10,female
545621,1951/11/16,male
546328,1992/8/2,female
546865,1978/11/8,female
547132,1954/9/22,female
547687,1990/8/31,female
547925,1976/7/3,male
548934,1953/2/5,male
548954,1981/11/19,male
549133,1998/2/16,female
549792,1960/11/6,female
550258,1984/8/12,male
550371,1989/1/1,female
550951,1979/9/9,female
551468,1988/5/21,female
551518,1961/5/1,male
551860,1952/9/29,female
551912,1982/4/5,male
551952,1993/1/24,female
552088,1986/7/5,male
552107,1981/4/3,male
552187,1954/4/11,female
552548,1953/8/12,male
552829,1986/8/27,female
552986,2009/7/9,male
553754,1948/11/7,female
554195,1976/12/8,male
554228,1939/11/5,female
554244,1999/10/18,female
554309,1992/1/22,female
555079,1995/11/25,female
555093,1984/10/1,female
555184,1968/10/7,female
555241,1956/10/10,female
557336,1965/10/29,female
557575,1934/9/15,female
557968,2001/1/1,female
558098,1984/7/23,female
558488,2004/7/6,female
558817,1968/10/7,male
558900,1991/11/20,male
559156,1980/4/21,female
559898,1984/1/24,female
560435,1969/6/25,male
560608,1974/5/9,female
560926,1980/6/17,male
561139,1960/11/12,female
561271,1990/12/21,female
561823,1973/4/6,female
561919,1994/7/28,male
561928,1989/7/16,female
561937,1984/9/16,female
561940,1993/8/19,female
561996,1977/3/3,female
562339,1988/7/30,female
562600,1993/7/17,male
563199,1987/11/6,female
563376,1962/3/2,female
564279,1975/10/7,male
564536,2003/2/4,male
564777,1970/2/4,male
565083,1968/11/1,female
566014,1993/8/14,female
566100,1973/10/31,female
566136,1999/6/28,female
566747,1976/5/2,male
570130,2000/3/23,female
570252,1956/7/2,male
570280,1982/11/1,female
571099,1980/8/12,female
571860,1994/10/6,female
571881,1939/10/24,male
572148,1963/5/29,female
572923,1988/12/19,female
572981,1967/6/1,female
573642,1955/3/8,female
573656,1963/4/4,male
573661,1984/2/24,female
573679,1972/4/13,female
573683,1969/6/13,male
573688,1991/3/22,female
573704,1971/3/16,female
573705,1992/12/19,male
573729,1995/11/27,male
573778,1974/12/21,female
573821,1971/2/27,male
573847,1970/8/12,female
573848,1972/9/27,female
574925,1964/12/8,male
575475,1974/6/29,male
575864,1957/1/3,male
575900,1984/9/14,female
576628,1945/11/7,female
576937,1973/8/2,female
576938,2004/9/10,female
577462,2005/5/14,male
577715,1948/12/9,male
578199,1979/12/9,female
578772,1996/3/23,female
578913,1992/2/15,female
579992,1978/1/27,female
580109,1987/8/11,female
580432,1971/2/27,female
581876,1980/10/27,female
581942,1950/2/28,female
582948,1977/6/16,male
583496,1992/10/7,female
583835,1999/5/24,female
585130,1965/6/28,female
585287,1992/6/7,female
585484,1989/4/15,female
585885,1961/2/5,male
585900,2001/6/25,female
585901,1984/6/19,female
585978,1978/7/4,female
586133,1982/5/10,female
586155,1973/4/29,female
586311,1967/1/26,female
586552,1995/4/20,female
586755,1986/9/6,female
587469,1985/1/30,male
587942,1952/11/25,female
589053,1969/7/15,female
589629,1966/2/26,female
589654,1983/7/9,female
589713,1982/2/4,male
590720,1968/9/10,male
591285,1990/4/23,female
591400,1983/3/2,female
591586,1982/11/2,male
592162,1969/10/10,male
593090,1967/7/16,female
594147,1987/11/18,female
594533,1964/1/14,female
594660,1978/12/26,female
594801,1997/3/14,female
595001,1951/9/10,female
595012,1989/9/1,male
595017,1975/8/8,female
595051,1984/8/14,female
595334,1989/12/1,male
595844,1974/11/12,male
596116,1964/3/10,female
596223,1981/1/8,female
597096,1992/8/26,female
597840,1969/9/22,female
598036,1995/10/15,female
598163,2002/11/25,female
598402,1962/12/2,female
598451,1992/5/30,male